{
  "timestamp": "2025-08-31T20:10:01.500010",
  "cabinda_coastline": [
    [
      -4.388,
      12.354
    ],
    [
      -4.42,
      12.38
    ],
    [
      -4.48,
      12.41
    ],
    [
      -4.54,
      12.42
    ],
    [
      -4.6,
      12.4
    ],
    [
      -4.7,
      12.35
    ],
    [
      -4.82,
      12.28
    ],
    [
      -4.95,
      12.2
    ],
    [
      -5.03,
      12.15
    ],
    [
      -5.12,
      12.08
    ],
    [
      -5.2,
      12.02
    ],
    [
      -5.25,
      11.95
    ],
    [
      -5.28,
      11.92
    ]
  ],
  "angola_continental_start": [
    -6.05,
    12.42
  ],
  "geographic_bounds": {
    "lat_min": -5.28,
    "lat_max": -4.388,
    "lon_min": 11.92,
    "lon_max": 12.42
  },
  "gap_with_angola": {
    "degrees": 0.7699999999999996,
    "kilometers": 85.46999999999996
  },
  "validations": [
    "✅ Cabinda está na região geográfica correta",
    "✅ Gap com Angola Continental adequado (85.5 km)",
    "✅ Orientação da costa correta (Norte-Sul)",
    "✅ Distância segura de Pointe-Noire (68.4 km)"
  ],
  "status": "CORRECTED"
}