{
  "timestamp": "2025-08-31T20:16:25.576047",
  "cabinda_coastline": [
    [
      -4.38,
      12.36
    ],
    [
      -4.42,
      12.42
    ],
    [
      -4.48,
      12.5
    ],
    [
      -4.52,
      12.54
    ],
    [
      -4.56,
      12.56
    ],
    [
      -4.6,
      12.54
    ],
    [
      -4.64,
      12.5
    ],
    [
      -4.68,
      12.46
    ],
    [
      -4.72,
      12.42
    ],
    [
      -4.76,
      12.38
    ],
    [
      -4.8,
      12.34
    ],
    [
      -4.84,
      12.3
    ],
    [
      -4.88,
      12.26
    ],
    [
      -4.92,
      12.22
    ],
    [
      -4.96,
      12.18
    ],
    [
      -5.0,
      12.14
    ],
    [
      -5.04,
      12.1
    ],
    [
      -5.08,
      12.06
    ],
    [
      -5.12,
      12.02
    ],
    [
      -5.16,
      11.98
    ],
    [
      -5.2,
      11.94
    ],
    [
      -5.22,
      11.92
    ]
  ],
  "geographic_bounds": {
    "lat_min": -5.22,
    "lat_max": -4.38,
    "lon_min": 11.92,
    "lon_max": 12.56
  },
  "area_km2": 1638.692999999989,
  "real_area_km2": 7270,
  "area_accuracy_percent": 22.540481430536303,
  "gap_with_angola_km": 77.70000000000002,
  "distance_to_pointe_noire_km": 71.96515912835876,
  "validations": [
    "⚠️ Área pode estar incorreta: 1639 km²",
    "✅ Posição geográfica correta",
    "✅ Gap adequado com Angola: 77.7 km",
    "✅ Distância adequada de Pointe-Noire: 72.0 km",
    "❌ Cidade de Cabinda está fora do território",
    "✅ Orientação Norte-Sul correta"
  ],
  "status": "PRECISA AJUSTES"
}